,,Name,Email,Phone,Password
,,Mahfuza Fariha,levia.we1@gmail.com,01210000001,admin123
,,Bushra Sultana,levia.we2@gmail.com,01210000002,admin123
,,Mahisha Samia,levia.we3@gmail.com,01210000003,admin123
,,Nowrin Islam,levia.we4@gmail.com,01210000004,admin123
,,Sirajun Nesa,levia.we5@gmail.com,01210000005,admin123
,,Sharmin Sultana,levia.we6@gmail.com,01210000006,admin123
,,Ivy Sharmin,levia.we7@gmail.com,01210000007,admin123
,,Bushra Nizam,levia.we8@gmail.com,01210000008,admin123
,,Marjia Jannat,levia.we9@gmail.com,01210000009,admin123
,, Tania Islam,levia.we10@gmail.com,01210000010,admin123
,,Nazma Nasrin,levia.we11@gmail.com,01210000011,admin123
,,Suborna Sultana,levia.we12@gmail.com,01210000012,admin123
,,Jafura Nur,levia.we13@gmail.com,01210000013,admin123
,,Khadija Toma,levia.we14@gmail.com,01210000014,admin123
,,Tanjina Akter,levia.we15@gmail.com,01210000015,admin123
,,Upoma Chowdhury,levia.we16@gmail.com,01210000016,admin123
,,Montaha Islam,levia.we17@gmail.com,01210000017,admin123
,,Farjana Yasmin,levia.we18@gmail.com,01210000018,admin123
,,Sumaiya Akter,levia.we19@gmail.com,01210000019,admin123
,,Meherun Nahar,levia.we20@gmail.com,01210000020,admin123
,,Fatema Akter,levia.we21@gmail.com,01210000021,admin123
,,Zannatun Nayeem,levia.we22@gmail.com,01210000022,admin123
,,Sabiha Sultana ,levia.we23@gmail.com,01210000023,admin123
,,Jannatul Jui,levia.we24@gmail.com,01210000024,admin123
,,Tazkia Sultana ,levia.we25@gmail.com,01210000025,admin123
,,Sultana Shirin,levia.we26@gmail.com,01210000026,admin123
,,Tanveer Mohammad,levia.we27@gmail.com,01210000027,admin123
,,Taslima Tasli,levia.we28@gmail.com,01210000028,admin123
,,Saima Samia,levia.we29@gmail.com,01210000029,admin123
,,Tanija Gulshan,levia.we430@gmail.com,01210000030,admin123
,,Tanisha Tani,levia.we31@gmail.com,01210000031,admin123
,,Efat Ara,levia.we32@gmail.com,01210000032,admin123
,,Esrat Jahan Nuri,levia.we33@gmail.com,01210000033,admin123
,,Sharaban Tahura Mim,levia.we34@gmail.com,01210000034,admin123
,,Nujhat Navila,levia.we35@gmail.com,01210000035,admin123
,,Swapna Bose,levia.we36@gmail.com,01210000036,admin123
,,Sadia Jannat,levia.we37@gmail.com,01210000037,admin123
,,Farhana Islam,levia.we38@gmail.com,01210000038,admin123
,,Jannatul Mim,levia.we39@gmail.com,01210000039,admin123
,,Nusrat Sazia,levia.we40@gmail.com,01210000040,admin123
,,Jharna Islam,levia.we41@gmail.com,01210000041,admin123
,,Sabikun Naher ,levia.we42@gmail.com,01210000042,admin123
,,Sharmin Labonno,levia.we43@gmail.com,01210000043,admin123
,,Roksana Rini,levia.we44@gmail.com,01210000044,admin123
,,Shahina Khatun,levia.we45@gmail.com,01210000045,admin123
,,Shaheen Akter,levia.we46@gmail.com,01210000046,admin123
,,Sarjana Shathi,levia.we47@gmail.com,01210000047,admin123
,,Mitu Islam,levia.we48@gmail.com,01210000048,admin123
,,Maksuda Akter,levia.we49@gmail.com,01210000049,admin123
,,Sajeda Akter,levia.we50@gmail.com,01210000050,admin123
,,Jannatul Mawa,levia.we51@gmail.com,01210000051,admin123
,,Nasrin Sultana,levia.we52@gmail.com,01210000052,admin123
,,Jannatul Ferdaus,levia.we53@gmail.com,01210000053,admin123
,,Juhana Tahseen,levia.we54@gmail.com,01210000054,admin123
,,Trisha Barua,levia.we55@gmail.com,01210000055,admin123
,,Ishrat Tahiya,levia.we56@gmail.com,01210000056,admin123
,,Sufia Khatun,levia.we57@gmail.com,01210000057,admin123
,,Sahida Akter,levia.we58@gmail.com,01210000058,admin123
,,Jannat Toma,levia.we59@gmail.com,01210000059,admin123
,,Saba Jannat,levia.we60@gmail.com,01210000060,admin123
,,Akhi Alam,levia.we61@gmail.com,01210000061,admin123
,,Sadia Arefin,levia.we62@gmail.com,01210000062,admin123
,,Jamima Rahman,levia.we63@gmail.com,01210000063,admin123
,,Sumaiya Shimu,levia.we64@gmail.com,01210000064,admin123
,,Nahida Ahmed,levia.we65@gmail.com,01210000065,admin123
,,Tasmi Tabassum,levia.we66@gmail.com,01210000066,admin123
,,Nazia Azim ,levia.we67@gmail.com,01210000067,admin123
,,Nasrin Sultana ,levia.we68@gmail.com,01210000068,admin123
,,Nabila Tabassum,levia.we69@gmail.com,01210000069,admin123
,,Ratri saha,levia.we70@gmail.com,01210000070,admin123
,,Boishakhi Nath,levia.we71@gmail.com,01210000071,admin123
,,Ahmed Arshina,levia.we72@gmail.com,01210000072,admin123
,,Ayesha Akter,levia.we73@gmail.com,01210000073,admin123
,,Jaya Roy,levia.we74@gmail.com,01210000074,admin123
,,Airin Islam,levia.we75@gmail.com,01210000075,admin123
,,Monika Moni,levia.we76@gmail.com,01210000076,admin123
,,Masuma Sultana,levia.we77@gmail.com,01210000077,admin123
,,Zannat Rumi,levia.we78@gmail.com,01210000078,admin123
,,Rojina Khan,levia.we79@gmail.com,01210000079,admin123
,,Nirjhara Tuli,levia.we80@gmail.com,01210000080,admin123
,, Shahidul Islam,levia.we81@gmail.com,01210000081,admin123
,,Jahangir Alam,levia.we82@gmail.com,01210000082,admin123
,,Md Ali,levia.we83@gmail.com,01210000083,admin123
,,Rakib Ahamed,levia.we84@gmail.com,01210000084,admin123
,,Md. Rifat Hasan,levia.we85@gmail.com,01210000085,admin123
,,Mahbub Hasan ,levia.we86@gmail.com,01210000086,admin123
,,Mizanur Rahman,levia.we87@gmail.com,01210000087,admin123
,,Suman Saha,levia.we88@gmail.com,01210000088,admin123
,,Habib Rahman,levia.we89@gmail.com,01210000089,admin123
,,Masum Sarker,levia.we90@gmail.com,01210000090,admin123
,,Sakif Rahman,levia.we91@gmail.com,01210000091,admin123
,,Enamul Kabir,levia.we92@gmail.com,01210000092,admin123
,,Sujan Barua,levia.we93@gmail.com,01210000093,admin123
,,Md Faysal,levia.we94@gmail.com,01210000094,admin123
,,Sohan Hasan,levia.we95@gmail.com,01210000095,admin123
,,Hridoy Patwary,levia.we96@gmail.com,01210000096,admin123
,,Zahid Hasan Naim,levia.we97@gmail.com,01210000097,admin123
,,Mahbubur Rahman,levia.we98@gmail.com,01210000098,admin123
,,Abdullah Al Rakib,levia.we99@gmail.com,01210000099,admin123
,,Nazmul Hasan,levia.we100@gmail.com,01210000100,admin123
